161.65.175.64,
159.160.149.118,
52.170.161.9,
39.13.133.95,
84.246.23.243,
235.211.120.177,
7.234.85.100,
183.249.28.132,
58.105.117.186,
185.203.2.186,
153.220.201.194,
229.198.200.46,
115.225.42.65,
57.54.71.203,
204.1.142.215,
138.166.32.170,
211.165.30.156,
178.205.66.11,
113.234.176.137,
89.179.129.235,
232.216.31.207,
243.212.242.104,
63.89.38.191,
23.156.118.148,
212.105.68.120,
56.74.87.234,
86.158.61.252,
194.226.19.228,
119.82.35.210,
73.104.220.160,
227.94.50.185,
208.2.212.85,
45.157.247.26,
236.219.23.138,
107.245.133.200,
59.51.133.31,
39.112.94.253,
11.169.198.107,
73.120.238.28,
233.81.10.205,
51.60.33.85,
121.109.76.46,
134.126.28.106,
238.80.238.59,
107.235.88.5,
109.153.25.87,
188.14.122.167,
252.68.182.230,
65.10.39.113,
6.255.168.129,
113.224.91.1,
193.217.224.178,
76.119.179.234,
20.58.172.86,
227.229.184.6,
119.87.83.142,
138.168.140.179,
207.246.59.151,
240.208.167.96,
77.134.134.134,
51.114.108.112,
228.161.144.37,
136.180.77.7,
85.122.203.178,
93.18.186.50,
6.82.192.201,
228.126.115.83,
208.157.61.57,
19.242.83.41,
175.141.130.185,
233.108.140.223,
186.153.147.161,
202.225.119.160,
80.14.107.22,
213.249.30.210,
99.117.82.173,
46.155.131.212,
91.107.82.20,
94.174.122.84,
133.106.220.193,
28.71.176.131,
64.129.161.82,
160.149.156.23,
193.121.24.191,
107.67.11.176,
225.113.83.182,
183.95.174.45,
61.32.193.194,
134.115.197.7,
156.171.165.154,
236.124.113.151,
252.212.137.20,
234.75.50.214,
23.140.128.33,
151.74.225.227,
140.27.112.36,
101.115.229.212,
8.249.103.128,
144.61.66.156,
220.179.176.33,
44.10.78.114,
45.57.92.159,
197.231.94.156,
206.198.97.103,
252.98.125.163,
27.194.137.20,
161.208.112.233,
118.183.131.10,
252.113.150.137,
116.239.194.229,
115.28.160.2,
183.159.12.121,
201.54.235.125,
212.92.202.38,
249.233.153.68,
213.40.132.155,
24.105.30.241,
115.10.64.136,
143.240.186.142,
212.110.57.59,
166.79.20.67,
205.142.13.239,
190.217.119.19,
197.161.216.143,
46.174.41.193,
242.35.235.53,
193.37.241.27,
27.91.167.254,
44.159.144.10,
104.87.164.194,
81.116.89.37,
22.236.202.204,
118.145.167.126,
49.196.106.87,
114.122.241.45,
255.129.88.81,
222.124.221.142,
225.135.137.173,
184.26.243.173,
112.30.97.53,
9.215.128.188,
91.214.44.86,
144.193.167.225,
180.226.205.29,
205.91.51.36,
129.159.62.227,
255.162.5.254,
147.40.89.66,
23.45.30.237,
136.192.16.26,
23.250.249.250,
151.216.28.59,
235.61.16.53,
6.131.9.201,
207.19.63.9,
111.158.166.21,
247.24.82.200,
31.143.9.50,
130.13.241.246,
154.173.185.190,
112.106.77.228,
28.77.91.115,
153.234.138.226,
207.218.226.216,
58.76.89.165,
46.253.237.180,
184.77.72.177,
