124.190.228.223,
187.5.86.21,
182.186.224.243,
170.236.104.73,
43.125.108.117,
229.54.244.123,
238.179.149.157,
231.251.221.52,
158.95.102.7,
17.190.196.218,
83.58.85.126,
40.204.107.25,
248.208.27.249,
70.218.14.202,
198.32.207.84,
77.12.36.120,
99.133.216.131,
7.112.220.28,
242.148.183.97,
69.119.159.21,
249.66.205.207,
165.48.99.248,
104.226.175.16,
147.204.85.119,
83.252.252.45,
188.19.162.9,
225.140.125.204,
119.145.47.9,
193.4.222.166,
48.31.189.255,
66.26.63.114,
238.64.199.162,
102.165.77.148,
86.245.106.64,
83.142.127.28,
162.229.33.115,
71.50.47.192,
7.54.68.77,
142.228.196.253,
171.142.108.59,
215.132.250.42,
144.230.227.100,
46.42.239.140,
99.249.252.20,
182.248.47.15,
53.95.175.4,
64.88.65.82,
142.8.232.142,
237.16.232.73,
111.195.184.178,
180.198.86.137,
114.87.241.231,
214.160.11.188,
164.96.46.229,
238.45.194.73,
129.15.193.8,
188.105.92.138,
46.204.65.157,
49.220.187.189,
181.2.88.192,
62.52.2.101,
31.5.254.155,
155.39.108.249,
119.44.123.58,
151.201.213.220,
252.91.119.211,
115.165.203.11,
183.65.46.8,
198.170.19.195,
242.74.186.37,
136.97.237.254,
175.175.234.10,
236.200.172.6,
175.213.182.187,
88.126.40.156,
244.187.149.117,
69.36.159.104,
180.16.171.45,
141.18.146.127,
255.117.10.246,
89.187.11.142,
137.181.9.76,
171.35.205.2,
178.180.146.19,
90.126.176.36,
166.62.167.196,
188.104.115.251,
204.89.87.45,
39.148.27.84,
253.83.159.27,
209.96.74.82,
7.174.98.130,
255.152.225.244,
108.144.172.58,
237.55.7.129,
156.133.137.58,
50.177.135.32,
123.44.134.214,
250.48.96.155,
83.98.103.67,
121.193.41.76,
209.243.79.158,
151.179.13.135,
205.176.24.138,
153.1.140.235,
193.233.199.240,
91.230.129.143,
97.199.57.45,
203.185.191.140,
27.96.43.15,
136.42.210.84,
125.232.96.255,
176.187.147.38,
240.2.229.111,
233.30.85.157,
129.72.124.110,
144.170.27.224,
143.52.211.103,
135.127.27.120,
198.59.25.117,
14.42.44.161,
133.125.183.185,
252.185.225.84,
102.110.167.71,
112.101.141.69,
86.44.42.208,
242.120.131.236,
69.65.25.35,
139.215.147.34,
174.144.210.229,
69.198.44.138,
177.233.170.33,
106.183.154.172,
93.55.228.213,
8.8.86.9,
45.185.9.203,
215.106.23.255,
212.166.175.230,
139.253.129.67,
162.73.230.147,
106.59.182.85,
17.185.180.151,
225.114.97.148,
180.175.210.149,
148.39.232.218,
175.204.6.83,
148.24.77.174,
82.227.254.48,
56.116.40.247,
49.254.118.49,
163.19.9.97,
122.85.227.21,
141.103.46.69,
180.43.129.11,
58.59.154.38,
202.27.62.144,
115.211.5.96,
203.95.61.126,
236.232.220.162,
230.104.19.95,
106.33.114.87,
193.153.96.219,
63.110.208.142,
105.97.255.30,
183.9.58.75,
106.170.5.55,
26.76.201.107,
37.80.144.20,
19.230.21.238,
37.43.173.125,
164.11.177.70,
220.190.86.31,
240.44.117.207,
135.152.74.15,
173.217.60.124,
